id	model	brand	release_year	image_url	lumen	runtime_text	runtime_min	capacity_wh	capacity_sub	battery_weight_g	battery_weight_text	head_weight_g	head_weight_text	head_weight_sub	meets_3000lm	stores	comments
ledx-cobra	LEDX Cobra X-pand G4 Kit	LEDX	2023	https://www.lampspecialisten.se/6201-large_default/ledx-cobra-x-pand-g4-kit.jpg	7000	1 h 50 min	110	141	14,4V · 9,8Ah	745	745 g	227	227 g	lampa 160 g	TRUE	"Bearplay Shop | https://www.bearplayshop.se/optik-ljus-avstand/belysning/ledx-lights-cobra-x-pand-g4-kit-141-wh.html | 7799 | Lägsta pris ;; Lampspecialisten | https://www.lampspecialisten.se/marknadens-baesta-lampor/1199ledx-cobra-x-pand-g4-kit.html | 7800 | 8 200 kr m sele ;; LEDX.se | https://ledx.se | 8485 | Listpris"	"Batteri: 141 Wh bärs i medföljande PowerPouch eller orienteringssele. ;; Ljus: 7 000 lm kontinuerligt (boost 7 500 lm) med klassledande bred X-pand-spridning. ;; Huvudvikt: 227 g på huvudet (160 g lamphus + 67 g Headgear Pro LX)."
lumonite-leader	Lumonite Leader (2023/2024)	Lumonite	2023	https://cdn.handshake.fi/i/products/Headlamp_LUMONITE_Leader_6838_lm/thumbs/leader_normal.jpg	6838	2 h 00 min	120	99	14,4V · 6,9Ah	480	480 g	234	234 g	lampa 155 g	TRUE	"Valostore | https://www.valostore.se/sv/produkt/lumonite_leader | 5899 | 6 199 kr m sele ;; Cykelkraft | https://www.cykelkraft.se/pannlampa-lumonite-leader | 5899 |  ;; Wolffwear | https://wolffwear.se/sv/lopning/pannlampa-lumonite-leader-6500-lm-2023.html | 6999 |"	"Batterisele: Valostore erbjuder paket med Slimvest V2 sele för 6 199 kr. ;; Konstruktion: Robust finsk design i helgjuten aluminium, IPX6, mycket tålig. ;; Huvudvikt: 234 g totalt (155 g lamphus + 79 g Ergo V2 pannband)."
silva-spectra-o	SILVA SPECTRA O	SILVA	2022	https://www.lampspecialisten.se/6324-large_default/silva-spectra-o.jpg	10000	1 h 30 min	90	96	14,4V · 6,7Ah	525	525 g	302	302 g	lampa 238 g	TRUE	"OL-Specialisten | https://www.olspecialisten.com/sv/pannlampor/led-pannlampor/silva-spectra-o.html | 3990 | Rea ;; Valostore | https://www.valostore.se/sv/produkt/pannlampa_silva__spectra_o | 4699 | Kampanj ;; Widforss | https://www.widforss.se/p/silva-spectra-o-10-000-lm | 5495 |  ;; Lampspecialisten | https://www.lampspecialisten.se/marknadens-baesta-lampor/1224silva-spectra-o.html | 6499 |"	"Ljus: Marknadens kraftfullaste flöde (10 000 lm) med 8 st Cree LED. ;; Batterisele: Spectra Battery Harness ryggsele ingår i O-versionen. ;; Fjärrkontroll för handled ingår för enkel styrning i hög fart. ;; Huvudvikt: 302 g (238 g lamphus + 64 g Spectra O pannband/fäste)."
mtiger-superion-iii	M Tiger Sports SUPERION-III	M Tiger Sports	2024	https://www.lampspecialisten.se/5883-large_default/m-tiger-sports-superion-ii-6200-lumen.jpg	6200	2 h 00 min	120	148	14,8V · 10,0Ah	769	769 g	306	306 g	lampa 135 g	TRUE	"Hylte Jakt | https://www.hylte-lantman.com/m-tiger-superion-iii-head-lamp-kit-6200-lumen | 4996 | Lägsta pris ;; Lampspecialisten | https://www.lampspecialisten.se/pannlampor/926-m-tiger-sports-superion-6200-lumen.html | 5530 | Superion II rea ;; OL-Specialisten | https://www.olspecialisten.com/sv/pannlampor/led-pannlampor/m-tiger-sports-superion.html | 5895 |  ;; Astro Sweden | https://astrosweden.se/products/superion-3-head-lamp-kit-6200-lumen | 5995 |  ;; M Tiger officiell | https://mtigersports.se/products/superion-iii | 5995 | Listpris"	"Nyhet: Generation III med uppgraderat 148 Wh batteri (Samsung 21700 m USB-C). ;; Drifttid: Hela 2 h på maximala 6 200 lm (tidigare II gav 1,5 h m 103 Wh). ;; Batterisele säljs separat (M Tiger BR 501 ca 200–250 kr); batteri bärs i väst/sele. ;; Huvudvikt: 247 g totalt (135 g lamphus + 112 g PRO-ställning; 306 g inkl styrenhet)."
ledx-mamba	LEDX Mamba X-pand G4 Kit	LEDX	2023	https://www.lampspecialisten.se/6203-large_default/mamba-x-pand-g4-kit-106-wh.jpg	4500	2 h 10 min	130	106	10,8V · 9,8Ah	595	595 g	192	192 g	lampa 125 g	TRUE	"Hylte Jakt | https://www.hylte-lantman.com/ledx-mamba-x-pand-kit-g4-kit-106-pannlampa | 4799 | Kampanj (Lägsta pris) ;; Bearplay Shop | https://www.bearplayshop.se/optik-ljus-avstand/belysning/ledx-lights-mamba-x-pand-g4-kit-106-wh.html | 5995 |  ;; LEDX.se | https://ledx.se | 5995 | Listpris"	"Vikt: Endast 125 g lamphus på huvudet (192 g inkl Headgear Pro LX). ;; Bärsystem: LEDX PowerPouch medföljer i standardkit för rygg-/bältesbärning. ;; Ljus: 4 500 lm (boost 5 000 lm) med bred och naturlig ljusspridning."
lumonite-navigator	Lumonite Navigator (v.2)	Lumonite	2019	https://cdn.handshake.fi/i/products/KIT_Headlamp_LUMONITE_Navigator_v2_4195_lm/thumbs/navigator_normal.jpg	4195	3 h 00 min	180	75	14,4V · 5,2Ah	472	472 g	204	204 g	lampa 125 g	TRUE	Valostore | https://www.valostore.se/sv/produkt/lumonite_navigator | 4199 | Kampanj (ord. 4 999 kr)	"Drifttid: Hela 3 timmar på maximala 4 195 lm – klassens bästa uthållighet! ;; Batterisele: Valostores paket inkluderar Slimvest V2 sele. ;; Huvudvikt: 204 g totalt (125 g lamphus + 79 g Ergo V2 pannband)."
mtiger-hyperion-iii	M Tiger Sports Hyperion-III	M Tiger Sports	2024	https://www.lampspecialisten.se/6783-large_default/m-tiger-hyperion.jpg	3800	2 h 10 min	130	111	7,4V · 15,0Ah	540	540 g	229	229 g	lampa 117 g	TRUE	"Hylte Jakt | https://www.hylte-lantman.com/m-tiger-hyperion-iii-head-lamp-kit-3800-lumen | 3296 | Lägsta pris ;; Astro Sweden | https://astrosweden.se/products/hyperion-3-head-lamp-kit-3800-lumen | 3995 |  ;; OL-Specialisten | https://www.olspecialisten.com/sv/pannlampor/led-pannlampor/m-tiger-sports-hyperion-iii.html | 3995 | 4 195 kr m sele ;; M Tiger officiell | https://mtigersports.se/products/hyperion-iii | 3995 | Listpris"	"Batteri: Nytt stort 111 Wh batteripaket med Samsung 21700-celler & USB-C. ;; Mycket prisvärd lampa med 3 800 lm och 2 h 10 min drifttid på max. ;; Huvudvikt: 229 g (117 g lamphus + 112 g PRO-ställning; 286 g inkl styrkabel)."
silva-free-3000m	Silva Free 3000 M	SILVA	2023	https://www.lampspecialisten.se/6311-large_default/silve-free-3000-pannlampa.jpg	3000	1 h 15 min	75	36	7,2V · 5,0Ah	202	202 g	211	211 g	lampa 144 g	TRUE	"Hylte Jakt | https://www.hylte-lantman.com/silva-free-3000-m-pannlampa | 2495 | Lägsta pris ;; Cykelkraft | https://www.cykelkraft.se/pannlampa-silva-free-3000-m | 2599 |  ;; Silva Sweden | https://silvasweden.com/products/free-3000-s | 2999 | Free 3000 S listpris ;; Lampspecialisten | https://www.lampspecialisten.se/lopning/1221silve-free-3000-pannlampa.html | 3499 |"	"Modulärt system: Free-teknik utan sladdar integrerad direkt i pannbandet. ;; 130 cm förlängningskabel ingår för att bära lättviktsbatteriet (202 g) i ficka/väst. ;; Drifttid 1 h 15 min vid maxfart (upp till 2 h vid god fartvind/kylning). ;; Huvudvikt: 211 g totalt (144 g lamphus + 67 g Free pannband)."
mtiger-theia-iii	M Tiger Sports Theia-III	M Tiger Sports	2024	https://www.lampspecialisten.se/6768-large_default/m-tiger-theia.jpg	3000	2 h 20 min	140	74	7,4V · 10,0Ah	392	392 g	212	212 g	lampa 100 g	TRUE	"Hylte Jakt | https://www.hylte-lantman.com/m-tiger-theia-iii-head-lamp-kit-3000-lumen | 2499 | Lägsta pris ;; Astro Sweden | https://astrosweden.se/products/theia-3-head-lamp-kit-3000-lumen | 2995 |  ;; OL-Specialisten | https://www.olspecialisten.com/sv/pannlampor/led-pannlampor/m-tiger-sports-theia-iii.html | 2995 |  ;; M Tiger officiell | https://mtigersports.se/products/theia-iii | 2995 | Listpris"	"Mycket prisvärd 3 000 lm lampa med hela 2 h 20 min drifttid på 100%. ;; Batteri: 74 Wh med Samsung 21700-celler och USB-C laddning/powerbank. ;; Huvudvikt: 212 g totalt (100 g lamphus + 112 g PRO-ställning; 269 g m styrkabel)."
ledx-snok-2000	LEDX Snok 2000 Kit OL	LEDX	2022	https://www.lampspecialisten.se/6489-large_default/ledx-snok-2000-x-pand-kit-OL.jpg	2000	1 h 30 min	90	36	7,2V · 5,0Ah	200	200 g	125	125 g	lampa 71 g	FALSE	"Bearplay Shop | https://www.bearplayshop.se/optik-ljus-avstand/belysning/ledx-lights-snok-2000-x-pand-kit.html | 2899 | Standardkit ;; Lampspecialisten | https://www.lampspecialisten.se/pannlampor/1276ledx-snok-2000-x-pand-kit-OL.html | 3495 | Kit OL ;; LEDX.se | https://ledx.se | 3495 | Listpris"	"Extremt lätt: Endast 71 g lamphus, 125 g totalt på huvudet med extern kabel. ;; Kit OL innehåller 100 cm förlängningskabel för att bära batteriet på kroppen/sele. ;; Drifttid 1 h 30 min på 100% plus automatisk reservljussäkring. ;; Obs: Understiger 3 000 lm kravet."
lupine-betty-rx7	Lupine Betty RX 7 (Bluetooth)	Lupine	2018	https://cdn.handshake.fi/images/taskulamput/tuotekuvat/Lupine/Uudet/thumbs/betty_rx7_5000lm_1_normal.jpg	5400	1 h 00 min	60	50	7,2V · 6,9Ah	240	240 g	215	215 g	lampa 150 g	TRUE	Valostore | https://www.valostore.se/sv/produkt/pannlampa_lupine_betty_rx7 | 6399 | Rea (ord. 9 399 kr)	"Drifttid: 1 h på maximala 5 400 lm (2 h på 3 400 lm). ;; Batteri: 50 Wh SmartCore med LED-kapacitetsvisning (240 g). 120 cm kabel ingår. ;; Styrning: Trådlös Bluetooth-fjärrkontroll och mobil-app. ;; CNC-fräst flygplansaluminium i tysk toppfinish (IP68)."
mila-vega-5000	Mila Vega 5000 (Mareld)	Mila / Mareld	2015	https://www.signsport.se/5884-large_default/mila-vega-5000.jpg	5000	1 h 50 min	110	80	14,8V · 5,5Ah	400	400 g	218	218 g	lampa ~150 g	TRUE	"Bearplay Shop | https://www.bearplayshop.se/optik-ljus-avstand/belysning/pannlampa-mareld-vega-5000-re-jakt-med-vridbart-faste.html | 5495 | Mareld Vega RE ;; SignSport | https://www.signsport.se/pannlampor/1007-mila-vega-5000.html | 5895 | 6 300 kr m sele ;; Lampspecialisten | https://www.lampspecialisten.se/pannlampor/1216mareld-vega-5000-re.html | 5999 | Mareld Vega RE"	"Lanseringsår: Grundtekniken och optiken lanserades 2015 (Vega); uppgraderad till 5 000 lm och GoPro-fäste 2019. ;; Kartläsning: Varmvit ljusfärg (5000K, hög färgåtergivning) för bländfri kartläsning. ;; Batterisele ingår i orienteringspaketet för 6 300 kr hos SignSport. ;; Heter Mila eller Mareld Vega 5000 RE; svensk orienteringsklassiker."
mmg-bright-as-day-4000	Moonlight Mountain Gear Bright As Day 4000	Moonlight	2020	https://moonlightmountaingear.com/cdn/shop/files/BAD4000_headlamp_3quarter-front.jpg	4000	1 h 30 min	90	71	14,8V · 4,8Ah	345	345 g	177	177 g	lampa 127 g	TRUE	"Cykelkraft | https://www.cykelkraft.se/pannlampa-moonlight-bright-as-day-4000-black | 5189 |  ;; Moonlight | https://moonlightmountaingear.com/products/bright-as-day-4000-headlamp | 5499 | Listpris"	"Låg huvudvikt: Endast 177 g totalt (127 g lamphus + 50 g fäste) för hela 4 000 lm. ;; Batteri: 71 Wh (345 g) bärs i väst/sele/ficka med medföljande 100 cm kabel. ;; GoPro-snabbfäste och aktiv termisk reglering med konstant ljusstyrka."
lumonite-air-v2	Lumonite Air (v.2)	Lumonite	2019	https://cdn.handshake.fi/i/products/KIT_Headlamp_LUMONITE_Air_v2_2489_lm/thumbs/air_normal.jpg	2489	2 h 30 min	150	50	14,4V · 3,45Ah	257	257 g	156	156 g	lampa 77 g	FALSE	"Valostore | https://www.valostore.se/sv/produkt/lumonite_air | 2999 | 3 199 kr m sele ;; Wolffwear | https://wolffwear.se/sv/lopning/pannlampa-lumonite-air2-2000-lm.html | 3295 |"	"Fjäderlätt: Endast 77 g lamphus (156 g totalt på huvudet med Ergo V2). ;; Batterisele: Valostore har paket med Slimvest V2 sele för 3 199 kr. ;; Drifttid: Hela 2 h 30 min på full effekt (2 489 lm). ;; Obs: Understiger 3 000 lm kravet."